VariableName,VariableCode,Type_Of_Variable,Unit_Of_Measure,Scaling_Factor,Aggregation_Type,Weighing_Varible_ID,Weighing_Variable_Name,Long_Description
Country,Country,Key Identifier,,0,,,,Country
State lgd code,StateCode,Key Identifier,,0,,,,State LGD Code
State,StateName,Key Identifier,,0,,,,State
YearCode,YearCode,Key Identifier,"",0,"","","",YearCode
Year,Year,Key Identifier,"",0,"","","",Year
Station code,D7079_1,Key Identifier,"",0,"","","",station code
Station name,D7079_2,Key Identifier,"",0,"","","",Station name
Type of water body,D7079_3,Key Identifier,"",0,"","","","Type of water body(Lake, Pond, Tank)"
Minimum temperature of water,I7079_6,Numeric Variable,°C ( Centigrade ),1,min,Not Applicable,Not Applicable,Minimum temperature of water in different water bodies
Maximum temperature of water,I7079_7,Numeric Variable,°C ( Centigrade ),1,max,Not Applicable,Not Applicable,Maximum temperature of water in different water bodies
Minimum dissolved oxygen,I7079_8,Numeric Variable,mg/L (Milligrams per liter),1,min,Not Applicable,Not Applicable,Minimum value of dissolved oxygen for different water bodies is a measure of the amount of gaseous oxygen contained in the water
Maximum dissolved oxygen,I7079_9,Numeric Variable,mg/L (Milligrams per liter),1,max,Not Applicable,Not Applicable,Maximum value of dissolved oxygen for different water bodies is a measure of the amount of gaseous oxygen contained in the water
Minimum potential of hydrogen(ph) values,I7079_10,Numeric Variable,pH,1,min,Not Applicable,Not Applicable,Minimum potential of hydrogen(pH) value in water is a scale used to specify the acidity or basicity of an aqueous solution in different water bodies
Maximum potential of hydrogen(ph) values,I7079_11,Numeric Variable,pH,1,max,Not Applicable,Not Applicable,Maximum potential of hydrogen(pH) value in water is a scale used to specify the acidity or basicity of an aqueous solution in different water bodies
Minimum conductivity required for water quality,I7079_12,Numeric Variable,Âµmhos/cm (Micromhos per centimeter),1,min,Not Applicable,Not Applicable,Minimum conductivity level which is calculated for different bodies is the ratio of the current density in the material to the electric field which causes the flow of current
Maximum conductivity required for water quality,I7079_13,Numeric Variable,Âµmhos/cm (Micromhos per centimeter),1,max,Not Applicable,Not Applicable,Maximum conductivity level is calculated for different bodies is the ratio of the current density in the material to the electric field which causes the flow of current
Minimum biochemical oxygen demand (bod) required for water quality,I7079_14,Numeric Variable,mg/L (Milligrams per liter),1,min,Not Applicable,Not Applicable,Minimum Biochemical oxygen demand (BOD) value which is required by aerobic biological organisms to break down organic material present in a different water bodies(mg/L)
Maximum biochemical oxygen demand (bod) required for water quality,I7079_15,Numeric Variable,mg/L (Milligrams per liter),1,max,Not Applicable,Not Applicable,Maximum Biochemical oxygen demand (BOD) value which is required by aerobic biological organisms to break down organic material present in different water bodies(mg/L)
Minimum  of nitrate n + nitrite n required,I7079_16,Numeric Variable,mg/L (Milligrams per liter),1,min,Not Applicable,Not Applicable,Minimum  of Nitrate N + Nitrite N required for different water bodies
Maximum  of nitrate n + nitrite n required,I7079_17,Numeric Variable,mg/L (Milligrams per liter),1,max,Not Applicable,Not Applicable,Maximum  of Nitrate N + Nitrite N required for different water bodies
Minimum  of faecal coliforms(coliform bacteria is associated with faecal matter) ,I7079_18,Numeric Variable,MPN/100ML(Most probable Number per 100 mililiters),1,min,Not Applicable,Not Applicable,Minimum  of Faecal Coliforms(coliform bacteria is associated with faecal matter) for different water bodies
Maximum   of faecal coliforms(coliform bacteria is associated with faecal matter) ,I7079_19,Numeric Variable,MPN/100ML(Most probable Number per 100 mililiters),1,max,Not Applicable,Not Applicable,Maximum   of Faecal Coliforms(coliform bacteria is associated with faecal matter) for different water bodies
Minimum coliform required for different water bodies,I7079_20,Numeric Variable,MPN/100ML(Most probable Number per 100 mililiters),1,min,Not Applicable,Not Applicable,Minimum coliform required for different water bodies
Maximum coliform required for different water bodies,I7079_21,Numeric Variable,MPN/100ML(Most probable Number per 100 mililiters),1,min,Not Applicable,Not Applicable,Maximum coliform required for different water bodies
