ROWID,Country,State lgd code,State,Station code,Station name,Type of water body,Source Year,Minimum temperature of water,Maximum temperature of water,Minimum dissolved oxygen,Maximum dissolved oxygen,Minimum potential of hydrogen(ph) values,Maximum potential of hydrogen(ph) values,Minimum conductivity required for water quality,Maximum conductivity required for water quality,Minimum biochemical oxygen demand (bod) required for water quality,Maximum biochemical oxygen demand (bod) required for water quality,Minimum  of nitrate n + nitrite n required,Maximum  of nitrate n + nitrite n required,Minimum  of faecal coliforms(coliform bacteria is associated with faecal matter) ,Maximum   of faecal coliforms(coliform bacteria is associated with faecal matter) ,Minimum coliform required for different water bodies,Maximum coliform required for different water bodies,YearCode,Year
1,India,29,Karnataka,3641,DHOREKERE,TANK,2018,23,29.8,4.6,8.3,6.1,8.2,350,814,2,10,0.3,24,170,48000,2400,350000,2018,"Calendar Year (Jan - Dec), 2018"
2,India,29,Karnataka,3648,MYDALA,TANK,2018,24,27,0.6,8.5,6.5,7.6,150,975,3,4,0.1,2,330,9400,1720,54000,2018,"Calendar Year (Jan - Dec), 2018"
3,India,29,Karnataka,3650,MELEKOTE,TANK,2018,23,26,1.1,8.7,6.5,8.6,400,1830,3,62,0.6,5,940,28000,9200,160000,2018,"Calendar Year (Jan - Dec), 2018"
4,India,29,Karnataka,3641,DHOREKERE,TANK,2017,24.6,34.5,2.2,12.6,6.5,9.3,461,886,4,54,1.05,6.3,140,330000,1090,700000,2017,"Calendar Year (Jan - Dec), 2017"
5,India,29,Karnataka,3603,VENGAIHNAKERE,TANK,2018,20,27,3.2,5.6,6.5,7.7,936,1580,3.9,38,0.5,4.6,3300,700000,35000,2780000,2018,"Calendar Year (Jan - Dec), 2018"
6,India,29,Karnataka,3603,VENGAIHNAKERE,TANK,2019,21,29,2.1,6,6.6,7.6,703,1546,4,47,1,75,1200,170000,9200,920000,2019,"Calendar Year (Jan - Dec), 2019"
7,India,21,Odisha,2438,ANSHUPA,LAKE,2018,23,32,5.4,10,6.8,8.3,106,247,1,3.9,0,1.5,230,3500,20,9200,2018,"Calendar Year (Jan - Dec), 2018"
8,India,29,Karnataka,3693,BHATHIKERE,TANK,2018,25,33,4.2,6.2,6.8,8,190,910,4,14,0,2.9,1700,70000,3500,110000,2018,"Calendar Year (Jan - Dec), 2018"
9,India,29,Karnataka,3672,SANKALAPURAKERE,TANK,2018,25,27,5.2,5.9,6.8,7.7,210,390,2,2,0.1,0.2,92,170,940,2200,2018,"Calendar Year (Jan - Dec), 2018"
10,India,29,Karnataka,3683,HEREKERETANK,TANK,2016,23,29,3.9,4.8,6.8,7.5,612,1400,21,248,0.6,3.2,170,900,1800,1800,2016,"Calendar Year (Jan - Dec), 2016"
11,India,29,Karnataka,3683,HEREKERE,TANK,2017,25,27,3.1,4.2,6.9,8.2,530,2210,23.1,165.5,0.51,6.01,275,900,1800,1800,2017,"Calendar Year (Jan - Dec), 2017"
12,India,21,Odisha,2438,ANSHUPA,LAKE,2016,24,40,4.5,10.5,7,8.2,107,234,1.4,4.3,0.1,9.5,3300,17000,9200,35000,2016,"Calendar Year (Jan - Dec), 2016"
13,India,29,Karnataka,3695,KONDAGGIKERETANK,TANK,2016,25,28,6.2,7.6,7,8.3,240,400,2.1,6.6,0.1,0.4,140,2200,350,5000,2016,"Calendar Year (Jan - Dec), 2016"
14,India,29,Karnataka,3673,HAVALIKERE,TANK,2018,25,27,4.6,5,7,7.8,290,530,2,3,0.1,0.2,61,260,940,2400,2018,"Calendar Year (Jan - Dec), 2018"
15,India,29,Karnataka,3693,BHATHIKERETANK,TANK,2016,25,28,3.8,7.6,7,7.7,430,1280,9,23,0.2,0.7,1300,10000,3000,18000,2016,"Calendar Year (Jan - Dec), 2016"
16,India,29,Karnataka,3603,VENGAIHNAKERE,TANK,2017,27,33,3.7,6.4,7,7.6,648,1795,4,32,1.2,11.4,17000,46000000,12000,70000000,2017,"Calendar Year (Jan - Dec), 2017"
17,India,29,Karnataka,3683,HEREKERE,TANK,2018,25,27,4.2,4.9,7,7.8,676,1516,12.3,41,0.9,2.1,350,1600,900,1800,2018,"Calendar Year (Jan - Dec), 2018"
18,India,29,Karnataka,3696,AIANAKERE,TANK,2018,26,31,3,6.8,7,9.9,790,2010,1.5,300,0,5.4,22000,170000,50000,300000,2018,"Calendar Year (Jan - Dec), 2018"
19,India,29,Karnataka,3650,MELEKOTE,TANK,2017,24,31,0.8,6.4,7,8.2,804,2380,3,54,0.33,19.6,1100,109000,7900,542000,2017,"Calendar Year (Jan - Dec), 2017"
20,India,29,Karnataka,3603,VENGAIHNAKERE,TANK,2016,27,32,3,4.4,7,7.5,1214,1510,6,84,1,4,49000,46000000,300000,109000000,2016,"Calendar Year (Jan - Dec), 2016"
21,India,29,Karnataka,3692,KUNDUVADAKERE,TANK,2018,25,34,6.8,7.3,7.1,8.2,102,300,2.4,3,0,0.5,110,800,500,1600,2018,"Calendar Year (Jan - Dec), 2018"
22,India,29,Karnataka,3692,KUNDUVADAKERE,TANK,2017,25,30,5.6,7.4,7.1,8.4,120,290,2.3,3,0,1.4,60,500,170,1600,2017,"Calendar Year (Jan - Dec), 2017"
23,India,29,Karnataka,3694,SHANTHISAGARKERE,TANK,2018,26,28,6.9,7.4,7.1,8,120,290,2.4,3,0,0.4,240,1400,900,2800,2018,"Calendar Year (Jan - Dec), 2018"
24,India,29,Karnataka,3695,KONDAGGIKERE,TANK,2017,25,27,5.3,7.1,7.1,7.7,140,290,3,5.3,0,0.19,800,9000,2400,16000,2017,"Calendar Year (Jan - Dec), 2017"
25,India,29,Karnataka,3694,SHANTHISAGARKERETANK,TANK,2016,25,30,6.4,7.9,7.1,8.2,140,488,2.3,3.5,0.1,0.6,110,2200,350,5000,2016,"Calendar Year (Jan - Dec), 2016"
26,India,29,Karnataka,3670,HAINARAKATTE,TANK,2018,25,27,4,5.5,7.1,8,310,710,2,3,0.1,0.3,94,260,1600,3500,2018,"Calendar Year (Jan - Dec), 2018"
27,India,29,Karnataka,3588,KARANJIKERE,TANK,2017,22,31,5.2,7,7.1,8.6,417,959,3.6,8.4,0.08,3.8,700,1700,4000,6300,2017,"Calendar Year (Jan - Dec), 2017"
28,India,29,Karnataka,3691,VIMANABHUTHIKERE,TANK,2017,25,30,5.9,7.5,7.2,8.3,90,160,2,3,0,1.2,50,1300,140,3000,2017,"Calendar Year (Jan - Dec), 2017"
29,India,29,Karnataka,3691,VIMANABHUTHIKERE,TANK,2018,25,31,6.5,7.3,7.2,8.1,110,230,2.4,2.6,0,0.2,70,900,300,1600,2018,"Calendar Year (Jan - Dec), 2018"
30,India,29,Karnataka,3648,MYDALA,TANK,2017,22,32,4.6,7.8,7.2,8.1,255,524,3,5,0.28,4.5,270,14000,5420,34800,2017,"Calendar Year (Jan - Dec), 2017"
31,India,29,Karnataka,3668,SODHARAHALLIKERE,TANK,2018,25,26,5.5,6.5,7.2,8,360,490,2,3,0.1,0.2,78,210,1100,2200,2018,"Calendar Year (Jan - Dec), 2018"
32,India,29,Karnataka,3588,KARANJIKERE,TANK,2018,23,28,4.8,7.1,7.2,8.1,524,942,3,6.2,0.1,1.5,780,1700,4300,5800,2018,"Calendar Year (Jan - Dec), 2018"
33,India,29,Karnataka,3686,NIRASAGARAKERE,TANK,2017,26,29,7,7.6,7.2,8.5,560,790,3,6.8,0.33,1.85,17,130,80,350,2017,"Calendar Year (Jan - Dec), 2017"
34,India,29,Karnataka,3667,SATHENAHALLIDODDAKERE,TANK,2018,25,27,4.2,5.2,7.2,8.1,580,650,2,2,0.1,0.2,110,320,1200,2800,2018,"Calendar Year (Jan - Dec), 2018"
35,India,29,Karnataka,3696,AIANAKERETANK,TANK,2016,25,33,5.4,11.6,7.2,8.2,1280,5700,16,87,0.6,3.2,5000,90000,9000,160000,2016,"Calendar Year (Jan - Dec), 2016"
36,India,21,Odisha,2438,ANSHUPA,LAKE,2017,22,33,5.8,12.9,7.3,8.4,112,364,0.6,3.9,0.21,4.03,490,24000,1100,35000,2017,"Calendar Year (Jan - Dec), 2017"
37,India,29,Karnataka,3695,KONDAGGIKERE,TANK,2018,26,30,5.9,7.1,7.3,8.2,170,270,2.5,7,0,0.6,50,1700,500,3500,2018,"Calendar Year (Jan - Dec), 2018"
38,India,29,Karnataka,3664,BASAVANAHALLIKERE,TANK,2018,25,28,4.5,5.3,7.3,7.5,320,470,2,2,0.1,0.2,78,170,940,2200,2018,"Calendar Year (Jan - Dec), 2018"
39,India,29,Karnataka,3669,SHELERAMANAHALLIKERE,TANK,2018,24,28,4.6,6.2,7.3,8.2,350,490,2,3,0.1,0.2,93,240,1300,2200,2018,"Calendar Year (Jan - Dec), 2018"
40,India,29,Karnataka,3696,AIANAKERE,TANK,2017,25,30,4,7,7.3,9,520,1940,16,360,0,4.8,44000,900000,90000,1600000,2017,"Calendar Year (Jan - Dec), 2017"
41,India,29,Karnataka,3688,SUDANAKERE,TANK,2017,27,28,6.3,7.6,7.3,9.4,566,1358,3.9,8.6,0.25,2.6,25,550,140,1800,2017,"Calendar Year (Jan - Dec), 2017"
42,India,29,Karnataka,3689,SOMESHWARAKERE,TANK,2017,25,28,5.9,6.5,7.3,8.6,778,1230,4.7,13.7,0.12,3.63,130,900,550,1800,2017,"Calendar Year (Jan - Dec), 2017"
43,India,32,Kerala,1574,PARAVURLAKE,LAKE,2016,24,30,5.7,7.9,7.3,7.8,2320,32537,1.1,2.8,1,2.6,70,240,280,580,2016,"Calendar Year (Jan - Dec), 2016"
44,India,29,Karnataka,3692,KUNDUVADAKERETANK,TANK,2016,25,28,5.9,7.8,7.4,8,140,200,2,4.6,0.1,0.2,80,350,240,900,2016,"Calendar Year (Jan - Dec), 2016"
45,India,29,Karnataka,3669,SHELERAMANAHALLIKERE,LAKE,2016,25,26,5.1,8.8,7.4,9.1,280,520,2,6,0,0.3,330,700,1600,2800,2016,"Calendar Year (Jan - Dec), 2016"
46,India,29,Karnataka,3693,BHATHIKERE,TANK,2017,25,30,4.2,7.3,7.4,8.4,280,1520,5,112,0,6.3,1200,100000,3400,180000,2017,"Calendar Year (Jan - Dec), 2017"
47,India,29,Karnataka,3666,GANIGARAHOSAHALLIKERE,TANK,2018,25,27,4.8,5.6,7.4,8,410,580,2,3,0.1,0.2,140,240,1400,3500,2018,"Calendar Year (Jan - Dec), 2018"
48,India,29,Karnataka,3689,SOMESHWARAKERETANK,TANK,2016,22,29,6,6.5,7.4,8.2,812,980,4.6,18,0.6,4.4,110,550,225,1800,2016,"Calendar Year (Jan - Dec), 2016"
49,India,29,Karnataka,3671,HANUMANTHAPURAKATTE,TANK,2018,25,28,5.1,6.5,7.5,7.9,190,440,2,2,0.1,0.2,140,210,1300,2100,2018,"Calendar Year (Jan - Dec), 2018"
50,India,29,Karnataka,3674,SATHAMANGALAKERETANK,TANK,2016,27,27,4.8,4.8,7.5,7.5,410,410,3,3,0.2,0.2,700,700,4300,4300,2016,"Calendar Year (Jan - Dec), 2016"
51,India,29,Karnataka,3697,MATTADAKERE,TANK,2018,23,30,2,5.4,7.5,9.1,560,930,1.5,69,0,3.1,800,60000,1700,90000,2018,"Calendar Year (Jan - Dec), 2018"
52,India,29,Karnataka,3687,NUGGIKERE,TANK,2018,23,27,6.6,6.9,7.5,8.4,630,1024,3.5,5.3,0.5,1.1,70,350,275,1800,2018,"Calendar Year (Jan - Dec), 2018"
53,India,29,Karnataka,3689,SOMESHWARAKERE,TANK,2018,23,27,6.2,6.7,7.5,8.4,686,1003,4.8,13.7,1.2,1.9,225,900,1600,1800,2018,"Calendar Year (Jan - Dec), 2018"
54,India,29,Karnataka,3688,SUDANAKERETANK,TANK,2016,22,30,6,6.6,7.5,8.6,826,1436,3.6,7.7,0.5,2,110,900,350,1800,2016,"Calendar Year (Jan - Dec), 2016"
55,India,29,Karnataka,3697,MATTADAKERETANK,TANK,2016,24,31,5,29,7.5,8.2,1260,2980,4.6,37,0.4,0.7,1300,10000,2400,160000,2016,"Calendar Year (Jan - Dec), 2016"
56,India,29,Karnataka,3694,SHANTHISAGARKERE,TANK,2017,26,34,5.5,7.6,7.6,8.3,130,204,2.5,4,0,0.35,460,2200,1400,5000,2017,"Calendar Year (Jan - Dec), 2017"
57,India,29,Karnataka,3667,SATHENAHALLIDODDAKERE,LAKE,2016,25,26,5.2,9.5,7.6,8.7,390,1000,2,8,0,0.3,350,630,1600,2400,2016,"Calendar Year (Jan - Dec), 2016"
58,India,29,Karnataka,3668,SODHARAHALLIKERE,TANK,2017,25,25,5.1,5.5,7.6,8,440,490,3,3,0.13,0.17,270,390,2200,2800,2017,"Calendar Year (Jan - Dec), 2017"
59,India,29,Karnataka,3661,KOKKANAGHATTADODDAKERE,TANK,2017,24,29,6.2,8.4,7.6,8.9,620,1430,3,5,0.14,0.36,270,1100,2800,5400,2017,"Calendar Year (Jan - Dec), 2017"
60,India,29,Karnataka,3687,NUGGIKERE,TANK,2017,25,28,6.1,6.9,7.6,9,696,1534,3.4,8.6,0.31,2.43,50,350,140,1800,2017,"Calendar Year (Jan - Dec), 2017"
61,India,29,Karnataka,3684,KELEGERE,TANK,2018,24,27,6.9,7.3,7.6,8.3,918,1357,3.3,3.9,0.5,0.9,80,900,550,1800,2018,"Calendar Year (Jan - Dec), 2018"
62,India,29,Karnataka,3690,UNAKALKERE,TANK,2017,26,29,6.6,7.3,7.6,8.5,1213,2050,3.6,8,0.69,4.42,110,1600,350,1800,2017,"Calendar Year (Jan - Dec), 2017"
63,India,29,Karnataka,3661,KOKKANAGHATTADODDAKERE,LAKE,2016,25,28,4.7,10.5,7.7,9.5,38,1450,3,23,0.1,2.6,390,940,2100,2800,2016,"Calendar Year (Jan - Dec), 2016"
64,India,29,Karnataka,3697,MATTADAKERE,TANK,2017,24.5,27,2,5.4,7.7,8.3,350,490,5,9,0,1.93,1100,5000,3000,9000,2017,"Calendar Year (Jan - Dec), 2017"
65,India,29,Karnataka,3669,SHELERAMANAHALLIKERE,TANK,2017,25,26,5.4,52,7.7,8,400,440,2,2,0.12,0.13,210,380,2200,2800,2017,"Calendar Year (Jan - Dec), 2017"
66,India,29,Karnataka,3686,NIRASAGARAKERETANK,TANK,2016,25,32,7.2,7.9,7.7,8.6,463,614,2.1,5.9,0.2,0.8,25,140,45,350,2016,"Calendar Year (Jan - Dec), 2016"
67,India,29,Karnataka,3665,LINGAPPANAKATTE,TANK,2018,25,28,4.6,5,7.7,8.1,500,600,2,3,0.1,0.2,93,120,940,1400,2018,"Calendar Year (Jan - Dec), 2018"
68,India,29,Karnataka,3663,JOLADAKATTE,TANK,2018,25,28,4.6,5.3,7.7,8.1,510,610,2,3,0.1,0.3,68,210,700,1700,2018,"Calendar Year (Jan - Dec), 2018"
69,India,29,Karnataka,3687,NUGGIKERETANK,TANK,2016,22,30,6.4,7,7.7,8.4,847,1453,3.9,13.8,0.5,3.3,50,550,140,1800,2016,"Calendar Year (Jan - Dec), 2016"
70,India,29,Karnataka,3684,KELEGERE,TANK,2017,26,28,7.1,7.4,7.7,9.6,972,1453,3.2,6.5,0.48,3.53,70,550,175,1800,2017,"Calendar Year (Jan - Dec), 2017"
71,India,29,Karnataka,3690,UNAKALKERE,TANK,2018,23,27,6.5,7.1,7.7,8.4,1214,1630,4.2,5.6,0.9,1.4,170,1600,900,1800,2018,"Calendar Year (Jan - Dec), 2018"
72,India,29,Karnataka,3686,NIRASAGARAKERE,TANK,2018,23,27,7.2,7.5,7.8,8.3,466,820,2.4,3.2,0.3,0.7,50,140,110,900,2018,"Calendar Year (Jan - Dec), 2018"
73,India,29,Karnataka,3688,SUDANAKERE,TANK,2018,23,27,6.8,7.6,7.8,8.3,521,1064,3.2,5,0.4,1.2,130,550,900,1800,2018,"Calendar Year (Jan - Dec), 2018"
74,India,29,Karnataka,3588,KARANJIKERE,TANK,2016,24,32,6,9.6,7.8,9.2,530,815,4,9.8,0.1,1.2,920,1400,3300,5400,2016,"Calendar Year (Jan - Dec), 2016"
75,India,29,Karnataka,3661,KOKKANAGHATTADODDAKERE,TANK,2018,25,28,4.9,6.4,7.8,8.8,670,1620,3,4,0.2,0.3,170,320,1700,3500,2018,"Calendar Year (Jan - Dec), 2018"
76,India,29,Karnataka,3690,UNAKALKERETANK,TANK,2016,23,29,5.9,7.4,7.8,8.4,1073,1317,4.2,8.4,0.4,3.3,170,900,900,1800,2016,"Calendar Year (Jan - Dec), 2016"
77,India,21,Odisha,2435,SWETAGANGA,POND,2016,25,40,4,19.6,7.9,9.2,51,1530,3.3,12.8,0.9,9.7,78,54000,170,92000,2016,"Calendar Year (Jan - Dec), 2016"
78,India,29,Karnataka,3684,KELEGERETANK,TANK,2016,22,29,6.9,7.4,7.9,8.6,860,1441,3.5,9.6,0.2,2,110,900,275,1800,2016,"Calendar Year (Jan - Dec), 2016"
79,India,29,Karnataka,3560,MAVENAKERE,TANK,2017,26,32,5.8,8.6,8.4,9.5,1257,3020,,,0,0.39,1000,9000,3200,16000,2017,"Calendar Year (Jan - Dec), 2017"
80,India,29,Karnataka,3560,MAVENAKERE,TANK,2016,26,32,3,9.8,8.6,9.6,1586,3160,16,32,0,0.4,500,16000,1600,16000,2016,"Calendar Year (Jan - Dec), 2016"
81,India,29,Karnataka,3560,MAVENAKERE,TANK,2018,24,33,6,8.6,8.8,9.7,1455,2903,12,42,0,0.2,2500,18000,8000,32000,2018,"Calendar Year (Jan - Dec), 2018"
